"REVIEW_ID","ITEM_ID","LABEL"
"IN_VITRO_TRAINING","NSS246",1
"IN_VITRO_TRAINING","9499faf8-366c-4e63-b051-2ee7759844e5",0
"IN_VITRO_TRAINING","89dd9d7a-ae9a-4576-81c9-5e0e7fa70fa2",0
"IN_VITRO_TRAINING","9dee0cf2-45d3-4c90-a2f5-b0a2da9d2a39",1
"IN_VITRO_TRAINING","507a8ead-0f7b-4c3b-ae87-f94f7426dad7",0
"IN_VITRO_TRAINING","NPG275",1
"IN_VITRO_TRAINING","91b0d191-e80c-4097-aeca-2cecf8ac00b1",0
"IN_VITRO_TRAINING","a7aa9b9f-d45e-40f3-9669-8266b0722598",0
"IN_VITRO_TRAINING","NPG381",1
"IN_VITRO_TRAINING","29e40497-e5d1-4579-ab11-2976d508672b",0
"IN_VITRO_TRAINING","d04ce410-ab57-429b-a3d6-71cb15c076b9",0
"IN_VITRO_TRAINING","145ec3b2-3b0e-46ab-8843-589b980fbdb3",0
"IN_VITRO_TRAINING","f28a15f1-427f-4896-9712-6c61e7748fba",0
"IN_VITRO_TRAINING","70c062e6-8d3e-4d9d-b206-0d5f42097e23",0
"IN_VITRO_TRAINING","4c079003-e698-44b8-9c13-efa36f27d225",0
"IN_VITRO_TRAINING","a5a459d8-ccbd-4687-b576-06760bc70248",0
"IN_VITRO_TRAINING","74305ada-57b1-4b11-812c-3323034201f5",0
"IN_VITRO_TRAINING","7e11c1db-8cc4-4d1c-b78f-f3102f48fc24",0
"IN_VITRO_TRAINING","NPG126",1
"IN_VITRO_TRAINING","4ed7342f-2499-4fb0-902d-ae45c495aba9",0
"IN_VITRO_TRAINING","c596b6c9-7c6f-4a00-abc4-ed9d2a56411a",0
"IN_VITRO_TRAINING","6c5f9bd1-22e0-48ab-9913-c8d0ffd7001f",0
"IN_VITRO_TRAINING","1f5d1700-6b65-40b8-9f1a-9745169179ec",0
"IN_VITRO_TRAINING","a968064a-7718-4803-85d8-9614727b82ba",1
"IN_VITRO_TRAINING","3c43697f-eea7-4a6b-a023-d396d7709920",0
"IN_VITRO_TRAINING","a7363324-6ee5-4af6-908f-d6bd9d2dd9df",0
"IN_VITRO_TRAINING","NSS429",1
"IN_VITRO_TRAINING","23861562-2b02-4224-8153-7633a663597c",0
"IN_VITRO_TRAINING","NSS233",1
"IN_VITRO_TRAINING","a68fbeb9-b8b3-4901-80e6-f8e58bc04536",1
"IN_VITRO_TRAINING","687728b4-2eca-4238-80d9-2ba7a280e832",0
"IN_VITRO_TRAINING","7a558bf9-91b6-46b4-8a21-f4e9e642f364",0
"IN_VITRO_TRAINING","NPG123",1
"IN_VITRO_TRAINING","ad185777-ec1b-4e2c-b593-333f68dbaaf9",0
"IN_VITRO_TRAINING","NPG313",1
"IN_VITRO_TRAINING","c57b68de-d24f-4439-b599-e5823be66693",0
"IN_VITRO_TRAINING","NSS021",1
"IN_VITRO_TRAINING","5ccdb4f1-8389-42bf-9b88-fb69f9fdc146",0
"IN_VITRO_TRAINING","7645ade7-48b3-4de1-b8e7-5c782a1fbc44",0
"IN_VITRO_TRAINING","4f99530a-2cf1-4157-9945-1d287db10e56",0
"IN_VITRO_TRAINING","1f82a814-9034-482c-9f08-84b958c4e73d",0
"IN_VITRO_TRAINING","0f8e6471-ffe4-4a62-9d5e-df6b8946ddb8",0
"IN_VITRO_TRAINING","b02c7ccd-edf9-4dda-bbab-0e9ce9e17c69",0
"IN_VITRO_TRAINING","80fb6f67-4078-4a0f-afa3-eed1e24ec743",0
"IN_VITRO_TRAINING","2d24d29c-bd75-40c5-a796-c752059ce7c9",0
"IN_VITRO_TRAINING","7f7d1029-4ae9-4eba-9ea7-6b3c7a7e12a5",0
"IN_VITRO_TRAINING","f1b80a62-e525-4946-a493-2da98fb6ba31",0
"IN_VITRO_TRAINING","536f01ad-853d-410e-9764-e81313ba86ac",1
"IN_VITRO_TRAINING","NPG166",1
"IN_VITRO_TRAINING","40a097b5-ee92-47d9-9435-c28b60dd7b6e",0
"IN_VITRO_TRAINING","03eb15e9-2667-45a5-a61b-8d168b881e46",0
"IN_VITRO_TRAINING","NSS361",1
"IN_VITRO_TRAINING","0b868d2d-7db2-4944-abcd-0d70e3637820",0
"IN_VITRO_TRAINING","NSS439",1
"IN_VITRO_TRAINING","NPG441",1
"IN_VITRO_TRAINING","aaa0fa60-e4f0-45bd-97de-aa405c4cff62",0
"IN_VITRO_TRAINING","d90dfc51-8561-45cd-b905-0103ec4bd69a",0
"IN_VITRO_TRAINING","082de979-ba0b-4610-b788-b0346e529a85",0
"IN_VITRO_TRAINING","e697bce9-d99b-465e-bf8d-97d4041e3ae1",0
"IN_VITRO_TRAINING","c1ac0005-5aed-4100-ae80-284af377809a",0
"IN_VITRO_TRAINING","0213e79b-90e7-40cb-84b2-2fda3268c62c",0
"IN_VITRO_TRAINING","ae89c244-3f1c-4b7d-9940-989389691930",0
"IN_VITRO_TRAINING","aa741dd8-4b55-4cdf-a5d7-c8f637438294",1
"IN_VITRO_TRAINING","7bf7b597-56f1-464f-a35b-bf1705dc519b",0
"IN_VITRO_TRAINING","08a1fc15-f817-46ff-9652-a54efdcdc3f5",0
"IN_VITRO_TRAINING","f7662ee7-32f6-4932-a8f3-36f429401b67",0
"IN_VITRO_TRAINING","f2dc11c6-36f4-4872-b0a8-d57075d8f891",1
"IN_VITRO_TRAINING","72737410-e39c-4f5c-9bb5-cf22d48268a2",0
"IN_VITRO_TRAINING","25b34bcd-eb1f-43ce-9dab-5f7e3f051612",1
"IN_VITRO_TRAINING","d276fa38-56fc-464d-bb1e-1df83a9f789b",0
"IN_VITRO_TRAINING","NSS179",1
"IN_VITRO_TRAINING","1208f48c-642f-4667-924e-867d11b6966a",0
"IN_VITRO_TRAINING","ccc2b108-0053-49a4-b9b6-efe1e22fca03",0
"IN_VITRO_TRAINING","0a8b707a-4938-40ff-a976-25b1fec6e827",0
"IN_VITRO_TRAINING","7e37dbfe-326a-4582-b1ec-0581e2e05020",0
"IN_VITRO_TRAINING","NSS183",1
"IN_VITRO_TRAINING","0985145d-c1fe-4096-8618-7ba282d31e1c",0
"IN_VITRO_TRAINING","87c5edc0-02a4-466b-8517-1c00cdd91665",1
"IN_VITRO_TRAINING","NSS164",1
"IN_VITRO_TRAINING","5c79e12f-3c5c-4273-86b9-9cbea2118755",0
"IN_VITRO_TRAINING","e447b94d-83cd-4397-bbf0-b0d37837c66c",0
"IN_VITRO_TRAINING","NPG447",1
"IN_VITRO_TRAINING","a5bb90cf-d4bf-42ee-b74e-c5bb4ee8f6c7",0
"IN_VITRO_TRAINING","d25e4a75-570a-4561-9512-44e07a3a2517",0
"IN_VITRO_TRAINING","efc5be5c-5408-4577-aa20-0a354e03299c",1
"IN_VITRO_TRAINING","3535e984-2e55-4715-8560-0cb83632b615",0
"IN_VITRO_TRAINING","8f7f4006-900a-4d91-935a-5116214389f3",0
"IN_VITRO_TRAINING","498b9f54-8ec1-4559-ac8c-9f375317461e",0
"IN_VITRO_TRAINING","768a3591-de80-4a56-9345-2bb300241cdd",0
"IN_VITRO_TRAINING","c50ef55e-03f5-45df-87d6-1561575cb7e6",0
"IN_VITRO_TRAINING","92fc18cb-c550-47cf-a96f-7fe42360f9a3",0
"IN_VITRO_TRAINING","df214270-f312-4e46-87d8-ff96c58f5b5c",1
"IN_VITRO_TRAINING","f5265c96-1c4c-411d-ab55-7c1c7f1ede40",0
"IN_VITRO_TRAINING","245fdbb7-3a70-4108-86ef-1f19b155281b",0
"IN_VITRO_TRAINING","3bb9e9e4-96d3-46b0-ab07-55657eddd335",0
"IN_VITRO_TRAINING","ca9f55b8-f1d0-4f5d-a072-dade5ac04ad5",0
"IN_VITRO_TRAINING","NPG174",1
"IN_VITRO_TRAINING","60dcfac4-1242-44c9-ba8b-577defe99855",0
"IN_VITRO_TRAINING","f124b8fa-8b1d-4378-958c-cc71a3127386",0
"IN_VITRO_TRAINING","a1da220e-66a1-4f8d-993d-a24e7958b74f",1
"IN_VITRO_TRAINING","NSS313",1
"IN_VITRO_TRAINING","03735974-3ecf-4637-945f-9030babf09f4",0
"IN_VITRO_TRAINING","f35ae676-720d-4b96-997a-49e500785c5b",1
"IN_VITRO_TRAINING","59e732a8-fb6b-4cab-bf41-284f0465d9e1",0
"IN_VITRO_TRAINING","4f0b0c56-4958-4ca2-b472-949cacd2a769",0
"IN_VITRO_TRAINING","NSS103",1
"IN_VITRO_TRAINING","76074f7c-2339-4d96-8d54-9d79352d7db5",0
"IN_VITRO_TRAINING","NSS382",1
"IN_VITRO_TRAINING","5fee7394-7d7d-4086-b546-42f8bd71f794",0
"IN_VITRO_TRAINING","64892869-42e7-4f84-8d01-be7483e853a7",0
"IN_VITRO_TRAINING","f8eab758-1fea-418f-beab-6f083b3af511",0
"IN_VITRO_TRAINING","9d5c8bf6-9f52-4bed-a4ff-c284827e7743",0
"IN_VITRO_TRAINING","22ef53a7-d794-4245-afbb-214e75f154fa",1
"IN_VITRO_TRAINING","4d876326-afab-4dce-b64a-da1783e03f64",0
"IN_VITRO_TRAINING","44878be0-aabc-4c5b-bd53-3688a3c82c33",0
"IN_VITRO_TRAINING","3b4f1ea0-ba06-4a11-9666-3579f80cf86d",0
"IN_VITRO_TRAINING","NPG103",1
"IN_VITRO_TRAINING","1f094d7f-7423-453c-9896-7655013fe07c",0
"IN_VITRO_TRAINING","20312d1e-d25b-4614-8602-ec6b9d305534",0
"IN_VITRO_TRAINING","513bc77a-ef68-4be5-bafa-660b5d0445fa",1
"IN_VITRO_TRAINING","NPG171",1
"IN_VITRO_TRAINING","55808f9e-f56d-4859-bdce-9dd7a769f457",0
"IN_VITRO_TRAINING","8d59eedb-32e3-4564-95db-78c915ad505a",0
"IN_VITRO_TRAINING","28bbf054-7f3f-4550-9892-f297e9ab57f5",0
"IN_VITRO_TRAINING","NPG421",1
"IN_VITRO_TRAINING","24ec48a6-74bf-43f0-9107-eaa477b44376",0
"IN_VITRO_TRAINING","fe2e990c-fcea-4494-a482-c87b7b2e8b03",0
"IN_VITRO_TRAINING","141a50df-aa1f-4ade-9f7f-d3e725e49f67",0
"IN_VITRO_TRAINING","50801760-768e-42c0-bc9a-076e2237dc81",0
"IN_VITRO_TRAINING","d12fc629-43eb-43e9-9213-d0fe93f983fd",0
"IN_VITRO_TRAINING","c8c97b65-b175-4a73-9709-3aca25f52fce",0
"IN_VITRO_TRAINING","71aa8a0b-f5c0-48e5-ac85-6a5cb276749a",0
"IN_VITRO_TRAINING","dc27dabe-38b9-47fc-92ec-5fd1ba199dba",0
"IN_VITRO_TRAINING","645059bb-b6a7-463e-a31f-15412972875a",1
"IN_VITRO_TRAINING","92f73519-278f-4b0f-8ebb-b9b8f05353e8",0
"IN_VITRO_TRAINING","c9409aa8-9b0a-4afa-8917-eb6d6dce5479",0
"IN_VITRO_TRAINING","085f44e5-551e-4ff0-82a2-3bcd5c2f4ac9",0
"IN_VITRO_TRAINING","414236c7-d357-4619-9327-a09496666ca2",1
"IN_VITRO_TRAINING","NPG411",1
"IN_VITRO_TRAINING","918f107f-4c20-4f42-9891-6fd36f72060f",0
"IN_VITRO_TRAINING","caaae3b3-21e5-4871-9abe-15e18ab1b4cb",1
"IN_VITRO_TRAINING","2736d144-ad94-4d55-b396-0b6edbe413ce",0
"IN_VITRO_TRAINING","431e4b8f-942e-4385-b743-145bd4f63e7d",0
"IN_VITRO_TRAINING","c83c95dd-7344-4433-9bb8-1413606f4100",0
"IN_VITRO_TRAINING","NPG379",1
"IN_VITRO_TRAINING","ceabd683-746a-4db6-a399-041241aeb6b5",0
"IN_VITRO_TRAINING","187aeb44-d6b1-47f6-9145-09ee39bfda09",0
"IN_VITRO_TRAINING","b3b48bab-77cf-494d-9cc5-20b8fcae2586",0
"IN_VITRO_TRAINING","0669816a-edb7-422e-9e37-5978da03600d",0
"IN_VITRO_TRAINING","a44fa7a6-76b7-450a-90e9-201735abe9b9",0
"IN_VITRO_TRAINING","NSS406",1
"IN_VITRO_TRAINING","b1519e22-3bf4-4708-bc2d-1ac714698aac",0
"IN_VITRO_TRAINING","482509f5-5d26-420d-8260-40d43e680b0c",1
"IN_VITRO_TRAINING","e5a604b3-6c06-44ab-818b-114c22730e36",0
"IN_VITRO_TRAINING","43254c17-6cc6-443a-9247-890038e8d8bc",0
"IN_VITRO_TRAINING","00439e41-5960-4c0d-a50d-a1668a342798",0
"IN_VITRO_TRAINING","56374f0c-2a53-478e-ace1-bc3d1da6180d",0
"IN_VITRO_TRAINING","NSS116",1
"IN_VITRO_TRAINING","6224a3e2-46a1-4c96-aa66-92907dd94015",0
"IN_VITRO_TRAINING","5e0d9486-f1a6-4afa-98da-4b409d875597",0
"IN_VITRO_TRAINING","82829083-bcd5-4d41-a958-90b926cc29ce",0
"IN_VITRO_TRAINING","59f66a6b-a62e-404d-adbc-e2b2570bb506",0
"IN_VITRO_TRAINING","563027ec-c97f-4619-b50e-ecb9c35bbbb7",1
"IN_VITRO_TRAINING","cc16e2b0-a099-4c2c-82f8-34de280e2981",0
"IN_VITRO_TRAINING","373b6891-5b92-4e29-aa5d-c69c855a6891",0
"IN_VITRO_TRAINING","f0df5110-0483-4770-9a62-4c3e1ee3c47d",0
"IN_VITRO_TRAINING","ec63c7bb-c992-404d-b448-073d67a288d1",1
"IN_VITRO_TRAINING","825cc133-790e-4e93-ae5f-012a07b76e2b",0
"IN_VITRO_TRAINING","99b1abe7-8635-4941-a732-bd8855195a56",1
"IN_VITRO_TRAINING","e2bf3ec1-d0eb-49f6-84cb-df36fb3f4412",0
"IN_VITRO_TRAINING","f78be149-996c-4d1b-b68f-51e33dbdccd9",0
"IN_VITRO_TRAINING","169732b0-50bf-4def-96a8-3f9529ca7a09",0
"IN_VITRO_TRAINING","5fb0f7cc-b452-4fc9-b236-7250755ad812",0
"IN_VITRO_TRAINING","a5a65297-04b3-4837-b085-9d50d6e7b916",0
"IN_VITRO_TRAINING","e51d854e-d194-41d3-97a9-3ebb988b4649",0
"IN_VITRO_TRAINING","39be2368-7b3d-43df-b7fc-9f324f48a93a",0
"IN_VITRO_TRAINING","a93c2edc-4154-4b10-a084-f8ed49ae67fb",1
"IN_VITRO_TRAINING","NPG901",1
"IN_VITRO_TRAINING","39e0c73a-4481-457c-bfce-3fe4d6ea8de6",0
"IN_VITRO_TRAINING","7abf448c-9cf7-4058-849f-026fb2d36bcb",0
"IN_VITRO_TRAINING","1aec421d-74dc-4da8-9f65-9306227c21c8",0
"IN_VITRO_TRAINING","8dcb245b-3de4-4bfd-b5af-baf2018bb002",0
"IN_VITRO_TRAINING","NPG098",1
"IN_VITRO_TRAINING","3d4374fe-3e60-47a0-a441-5138c883b108",0
"IN_VITRO_TRAINING","NPG016",1
"IN_VITRO_TRAINING","cca21cb8-4128-4094-9d89-02a8dbb90cc2",0
"IN_VITRO_TRAINING","ecdec447-217a-4b27-b342-76c2e86b96ca",0
"IN_VITRO_TRAINING","dac381b4-1f02-4d12-99a3-a72075b17627",0
"IN_VITRO_TRAINING","9afbb592-7ae4-4302-b5ee-27469747a9d4",0
"IN_VITRO_TRAINING","8b76d4b2-fee3-4ad1-9b23-449e9465d05d",0
"IN_VITRO_TRAINING","NSS177",1
"IN_VITRO_TRAINING","12e35995-26a4-4fff-a941-4f60d6b4edd5",0
"IN_VITRO_TRAINING","f5f64242-59dc-42aa-ada6-66ce6b3d0c26",0
"IN_VITRO_TRAINING","059ab504-b667-4e21-9e00-b5bec96bec56",0
"IN_VITRO_TRAINING","133f1a0e-5d6d-471b-95e1-a6c42dfed239",0
"IN_VITRO_TRAINING","NSS007",1
"IN_VITRO_TRAINING","NPG096",1
"IN_VITRO_TRAINING","22ab1d9e-d227-4dba-bc2a-cc5406ff2516",0
"IN_VITRO_TRAINING","11e2f8e4-093f-4d2c-b671-774497e8e6a4",0
"IN_VITRO_TRAINING","NPG141",1
"IN_VITRO_TRAINING","ee0725d0-377c-42d3-8167-10c0f6b26c2a",0
"IN_VITRO_TRAINING","8b792135-3696-46b1-ab48-ba550e13e4b6",0
"IN_VITRO_TRAINING","14cb8e82-7eff-4819-be0b-e5f3c1fbc575",0
"IN_VITRO_TRAINING","71d5a09e-f5d3-47a3-8c89-60ba0f17c6d6",0
"IN_VITRO_TRAINING","5d225dce-fe78-4474-89df-8b8dc4dbbff4",0
"IN_VITRO_TRAINING","72fffe46-c6f5-44fd-97ca-05661d6815d1",0
"IN_VITRO_TRAINING","NPG133",1
"IN_VITRO_TRAINING","e6a934e5-0639-41ca-9703-1fcb90dc992f",0
"IN_VITRO_TRAINING","f63ec9a7-22d1-45dc-b40f-dbf8f57f1f45",0
"IN_VITRO_TRAINING","9bcf8814-1472-42a2-9544-5481da055522",0
"IN_VITRO_TRAINING","NSS379",1
"IN_VITRO_TRAINING","7b40400f-d4d2-42fc-a357-8938a7995911",0
"IN_VITRO_TRAINING","ece296f7-79ad-4c6c-ac23-b3c43cabb285",0
"IN_VITRO_TRAINING","4f61bb93-9371-4cbd-98fb-38ee5e391db8",0
"IN_VITRO_TRAINING","43bceb15-793d-4b73-b5d7-5cb380a26441",0
"IN_VITRO_TRAINING","bd900bc8-6f9f-41a1-b2df-034e20b39d28",0
"IN_VITRO_TRAINING","f276b4ea-0e4f-4af2-98c6-8a07a2019f65",1
"IN_VITRO_TRAINING","72ccda2e-08c4-417c-bf68-957c4a1a8905",0
"IN_VITRO_TRAINING","8dfa0d11-23df-416e-87f2-33b71c9f226e",0
"IN_VITRO_TRAINING","9a291748-35e1-4078-9cc2-9e51bd8222ea",0
"IN_VITRO_TRAINING","NPG059",1
"IN_VITRO_TRAINING","fcd08509-9046-47c6-b22f-db73380aa812",0
"IN_VITRO_TRAINING","30f9d68d-bc0e-4d08-bfc9-2d6c5386a148",1
"IN_VITRO_TRAINING","dbc2da1b-52d2-47c5-9621-32c98754fea6",0
"IN_VITRO_TRAINING","c61c0e35-bbe5-4ed1-ba43-207774dafb04",0
"IN_VITRO_TRAINING","NSS424",1
"IN_VITRO_TRAINING","NPG056",1
"IN_VITRO_TRAINING","NPG003",1
"IN_VITRO_TRAINING","e8f2b514-538d-4422-a4b2-3919547431e4",0
"IN_VITRO_TRAINING","NPG238",1
"IN_VITRO_TRAINING","6c2a068c-4caf-4b93-88f5-1cb7a2ed26e0",0
"IN_VITRO_TRAINING","bd1b4cb3-17dd-4331-9abf-efb222f2d192",0
"IN_VITRO_TRAINING","6d764301-a54e-42ad-be95-a9bc1b67fdfb",0
"IN_VITRO_TRAINING","2d31d5ed-faf7-4e9e-9e11-82046695fe0c",1
"IN_VITRO_TRAINING","21a8da6a-5d0c-45ba-b780-87faa277ecbc",0
"IN_VITRO_TRAINING","7a050e18-dff1-4c0b-941b-afc028331496",1
"IN_VITRO_TRAINING","b4367305-a586-4009-9231-ef48be884838",0
"IN_VITRO_TRAINING","5b49ddf8-f2b8-4f40-94c9-836039f6b7fe",0
"IN_VITRO_TRAINING","9d74f8b4-699e-40be-ba0e-e330511e3e06",0
"IN_VITRO_TRAINING","NSS372",1
"IN_VITRO_TRAINING","e9772b82-6f6c-444b-a6e2-d8ac9e35b599",0
"IN_VITRO_TRAINING","4cf59d7b-f95a-408c-9120-45d42703fc0e",0
"IN_VITRO_TRAINING","e9dc81ce-2115-4818-88e5-18f8e09ee232",0
"IN_VITRO_TRAINING","533c8693-a262-49ab-8100-c1aec5451ff1",0
"IN_VITRO_TRAINING","NPG088",1
"IN_VITRO_TRAINING","e647f6a4-3345-41de-9385-7c2532ef6da0",1
"IN_VITRO_TRAINING","139c8473-0806-48e6-8e89-6cb1d5054b50",0
"IN_VITRO_TRAINING","73feded0-adfb-4c18-9210-e8d13825365a",1
"IN_VITRO_TRAINING","79956ef8-5177-4da9-9d3f-58acf416c637",0
"IN_VITRO_TRAINING","53a7f8c4-06f5-4c30-9f15-6e9d06a0f4f9",1
"IN_VITRO_TRAINING","b0ffb5c7-8364-4c5c-871a-5d5d5a8dc794",0
"IN_VITRO_TRAINING","NSS267",1
"IN_VITRO_TRAINING","d2942ad4-3dd6-46d1-aea8-a8820b5f3db0",0
"IN_VITRO_TRAINING","ec13fbfe-0e95-4cd1-aaed-21765ccf0400",0
"IN_VITRO_TRAINING","NSS133",1
"IN_VITRO_TRAINING","b48c150c-2617-4d1d-9560-66a4044d0adb",0
"IN_VITRO_TRAINING","4eb98a68-90ec-4449-aaa6-b55c952017ed",1
"IN_VITRO_TRAINING","NPG279",1
"IN_VITRO_TRAINING","26e00658-0b9c-4a81-a0ca-a8fa28a05f1e",0
"IN_VITRO_TRAINING","a1ae08cc-94e3-4e5b-bbd0-3f237c00a951",0
"IN_VITRO_TRAINING","NPG358",1
"IN_VITRO_TRAINING","944044a9-f5bd-4e1e-beb9-df9744f87367",0
"IN_VITRO_TRAINING","88589e0e-30a2-4d08-9052-f95bb5ae2fc8",0
"IN_VITRO_TRAINING","838e48bc-bdba-494a-a3d7-33851009974a",0
"IN_VITRO_TRAINING","57ce3e2e-1bf9-461c-a90c-bfb08ecb03e0",0
"IN_VITRO_TRAINING","7ab7abac-0f8c-4773-a395-2e0d5f0dec8a",0
"IN_VITRO_TRAINING","419acec6-e4c5-4e07-9734-962e17879817",0
"IN_VITRO_TRAINING","NSS294",1
"IN_VITRO_TRAINING","9b4fb6ee-7096-436c-8ca1-944d496bb8f2",0
"IN_VITRO_TRAINING","09ea4615-b346-43ef-948a-a1390cbc1168",0
"IN_VITRO_TRAINING","7446e489-88a0-402d-9f41-7a748661815e",0
"IN_VITRO_TRAINING","db3f6ce5-16fc-484a-92d2-8ebfe42435b0",0
"IN_VITRO_TRAINING","NPG334",1
"IN_VITRO_TRAINING","76ca26e0-754e-4fa1-976c-b38f2e2b07a9",0
"IN_VITRO_TRAINING","eddeae90-004d-4644-a2b4-93ed345e2e07",0
"IN_VITRO_TRAINING","3b65e4d8-e547-4e00-ac03-ff1d9b4bbafe",0
"IN_VITRO_TRAINING","ad053508-df8d-4b93-bccb-91e7588be038",1
"IN_VITRO_TRAINING","67f8e41e-4c4b-4e4f-a06a-670ca8613dfa",0
"IN_VITRO_TRAINING","9e3ff9cf-65cd-41d2-8666-3627df1fcd3b",0
"IN_VITRO_TRAINING","af5eba9d-1774-4312-8f52-453fc9a69b4c",0
"IN_VITRO_TRAINING","NPG436",1
"IN_VITRO_TRAINING","NSS416",1
"IN_VITRO_TRAINING","NPG305",1
"IN_VITRO_TRAINING","6007d8d3-c7c9-427d-b196-7c2e83f6f22d",0
"IN_VITRO_TRAINING","a34025e1-fabb-49fb-a5ee-57198991d412",0
"IN_VITRO_TRAINING","97c4fd61-65e3-4d82-826e-d5f4f6b09255",0
"IN_VITRO_TRAINING","6962477a-288a-4fb9-9d8f-8349421668fc",0
"IN_VITRO_TRAINING","b2f825a8-dca7-4b4f-982b-79701db551e4",0
"IN_VITRO_TRAINING","e932e3cf-e91d-4dbf-86b7-e0c9093f0dee",0
"IN_VITRO_TRAINING","1811ad34-b8ac-4046-9f93-85618cc2819a",0
"IN_VITRO_TRAINING","d748d6a9-dc4a-4ee5-a394-3d5e1d38de02",0
"IN_VITRO_TRAINING","989c53ec-5136-458b-9327-fdef89fcd82b",0
"IN_VITRO_TRAINING","98b4f6a9-ec0b-4fdc-b282-804043ef8df7",0
"IN_VITRO_TRAINING","b6f8ebb2-8623-4f5d-9292-7ceda3a577f8",0
"IN_VITRO_TRAINING","f5c32b6b-1c73-484f-b6b6-563ea0886989",1
"IN_VITRO_TRAINING","86ce35cd-c5c3-4f00-8e3b-cdd42c16a95c",0
"IN_VITRO_TRAINING","83968086-b8de-4096-bfad-33768cfc8840",0
"IN_VITRO_TRAINING","b0d21cdc-7e54-4324-911a-ff300aa8247e",0
"IN_VITRO_TRAINING","0fece79a-8ee6-4c17-abca-4e9ca3fdb2ce",0
"IN_VITRO_TRAINING","cdac24d3-3595-4562-b0db-d0806d56cc04",1
"IN_VITRO_TRAINING","171d08fe-6da0-4e9d-9a63-f6c041b2df9e",0
"IN_VITRO_TRAINING","NPG335",1
"IN_VITRO_TRAINING","880f7e1b-1093-4050-85a2-16e95451ffc6",0
"IN_VITRO_TRAINING","NPG086",1
"IN_VITRO_TRAINING","NPG006",1
"IN_VITRO_TRAINING","1b56f8ba-6f75-423c-81c7-c4a60d41257a",0
"IN_VITRO_TRAINING","NPG382",1
"IN_VITRO_TRAINING","NSS276",1
"IN_VITRO_TRAINING","d798f6b2-834a-4974-8d18-6ff1bee1d716",0
"IN_VITRO_TRAINING","f5bf806e-efcb-4acd-98a0-5029e7680ecf",0
"IN_VITRO_TRAINING","c7d5e36b-3092-4a64-a6a4-c05dfd41f15a",0
"IN_VITRO_TRAINING","96b1953e-e380-4964-9dcb-73ca4110b9eb",1
"IN_VITRO_TRAINING","0067ad8f-50fe-429e-83a3-9e21d177ee40",0
"IN_VITRO_TRAINING","NSS170",1
"IN_VITRO_TRAINING","NSS394",1
"IN_VITRO_TRAINING","f941d538-0d1b-4bda-a4b2-d983ee07b197",0
"IN_VITRO_TRAINING","61ad8367-55ef-4e94-b1f6-698972f77baf",0
"IN_VITRO_TRAINING","66ddfbbd-e11e-4578-bbbe-77013b574a5b",0
"IN_VITRO_TRAINING","ff56fdb1-fb2d-4db8-aebf-ef733047fd30",1
"IN_VITRO_TRAINING","e3550c82-7250-4d59-ba6e-55d3763cbea4",0
"IN_VITRO_TRAINING","5a787f48-3e2b-4159-8eb1-2fe315af7114",0
"IN_VITRO_TRAINING","beb38b8a-62df-4ace-a17a-268da1c17e78",1
"IN_VITRO_TRAINING","9674fb00-c330-4a76-9197-3dcbdca25f24",0
"IN_VITRO_TRAINING","0c555876-9ebf-49d9-860a-409df2645efc",0
"IN_VITRO_TRAINING","90263489-dd3c-4e83-b3dc-dd30502e2480",0
"IN_VITRO_TRAINING","4eb12c92-869c-4d5d-b635-970f4331ec9e",0
"IN_VITRO_TRAINING","NSS362",1
"IN_VITRO_TRAINING","NPG264",1
"IN_VITRO_TRAINING","03a14b5c-a108-4079-98ee-5fa43a3ed75e",0
"IN_VITRO_TRAINING","9dc38491-6083-43aa-9831-dd9890b754a9",1
"IN_VITRO_TRAINING","4a757100-cdda-4583-9f03-2f87fda23b84",0
"IN_VITRO_TRAINING","8f38a64f-ef93-4410-af44-d7bf2a000ad9",0
"IN_VITRO_TRAINING","e073d432-fc4c-4292-a1f9-3d4c1a754cfa",0
"IN_VITRO_TRAINING","414e88ae-c9d3-417b-9195-73c0224af5db",0
"IN_VITRO_TRAINING","a974e2d6-d894-46e9-8b90-274d34cec205",0
"IN_VITRO_TRAINING","ac3bd5ed-c7c4-4e78-acc8-07448610122c",0
"IN_VITRO_TRAINING","6de1ccea-299c-459c-8f22-8f1c142c943c",1
"IN_VITRO_TRAINING","NSS066",1
"IN_VITRO_TRAINING","200b5077-a678-4845-ba3d-75d49609ebbe",0
"IN_VITRO_TRAINING","af409778-d143-4ed7-879f-e5aaa8bfe015",0
"IN_VITRO_TRAINING","ef113e3a-8fc7-4c5e-be3e-1595a425444c",0
"IN_VITRO_TRAINING","af762fd0-2f44-4bcd-8934-80fe13ac9215",0
"IN_VITRO_TRAINING","de439ae4-1231-4207-9ade-1b73f4d69c78",0
"IN_VITRO_TRAINING","7ff0230e-3b6c-4075-bdad-820dd5dcb9a7",0
"IN_VITRO_TRAINING","9b656fa3-5c68-4841-ab05-2eb4547e667a",1
"IN_VITRO_TRAINING","21c1d80a-bd0a-4dc8-a84d-5d2effe23a2f",0
"IN_VITRO_TRAINING","c4b9c859-1489-4cb4-b9f9-077ea7c07390",0
"IN_VITRO_TRAINING","cf1856c9-c754-4310-9e39-7928ba77d795",1
"IN_VITRO_TRAINING","e410a983-9b36-42bf-b93d-4781dd70627b",0
"IN_VITRO_TRAINING","NSS175",1
"IN_VITRO_TRAINING","5e4b66fb-8fc2-419b-843d-13fa2f1ec23b",0
"IN_VITRO_TRAINING","NPG394",1
"IN_VITRO_TRAINING","d60d0310-3f7d-4f47-9405-9eb1b00b2137",0
"IN_VITRO_TRAINING","544afbcd-0772-4c61-95f8-cb1e48e2e68d",1
"IN_VITRO_TRAINING","739065ff-5fd9-4558-9f97-4331d17fd6cb",1
"IN_VITRO_TRAINING","dacdf5aa-1052-4535-8f6b-092c05889566",0
"IN_VITRO_TRAINING","f0cb8a66-a8d7-4d23-8930-4e486db4bf57",0
"IN_VITRO_TRAINING","13645378-be3c-4020-a44c-4fd420202272",0
"IN_VITRO_TRAINING","d2325c6d-21ba-4e25-af74-c15d92d9939e",1
"IN_VITRO_TRAINING","9ddec151-2fee-402e-9904-de138b28a80e",0
"IN_VITRO_TRAINING","NPG380",1
"IN_VITRO_TRAINING","0a6ac980-bf06-4773-8beb-5e56db61a5bd",0
"IN_VITRO_TRAINING","66da05b5-6eef-422a-96ca-75f896d98ac0",0
"IN_VITRO_TRAINING","NPG259",1
"IN_VITRO_TRAINING","a8928ea0-d41a-4078-b41f-1ff0c149dc6b",0
"IN_VITRO_TRAINING","NSS243",1
"IN_VITRO_TRAINING","e5515444-3d86-4483-9d38-0b74c21dd97f",0
"IN_VITRO_TRAINING","8d579418-8330-42b5-90a8-9eacdcc1be7c",0
"IN_VITRO_TRAINING","8fe581a3-0cb9-4ce8-ab74-73fc091af865",0
"IN_VITRO_TRAINING","52e86bf2-5c6b-423d-a6e0-6f5c406fc293",0
"IN_VITRO_TRAINING","676e6198-e6ee-4feb-848f-337368edae1b",0
"IN_VITRO_TRAINING","7552451e-6c45-4c48-ae4e-01861d745eab",0
"IN_VITRO_TRAINING","ba968c19-4322-4dc2-b6af-f518f0f4e1aa",1
"IN_VITRO_TRAINING","NSS002",1
"IN_VITRO_TRAINING","bd3b1f0c-9ada-4a35-8b3d-e17e794cb892",0
"IN_VITRO_TRAINING","NSS033",1
"IN_VITRO_TRAINING","852f9bd4-5f74-49e3-8398-066fddd5a19a",0
"IN_VITRO_TRAINING","NPG435",1
"IN_VITRO_TRAINING","NPG194",1
"IN_VITRO_TRAINING","a77228b9-83f1-4f1d-aba2-db1a7347558a",0
"IN_VITRO_TRAINING","a2896e94-7cb1-40b1-9a9a-c667450658fe",0
"IN_VITRO_TRAINING","44d6eaae-98b2-4e59-ba87-df2ada2dc23d",0
"IN_VITRO_TRAINING","cb319258-20a0-4121-8b34-95b8e6c8356c",0
"IN_VITRO_TRAINING","1c768426-f9e1-46b7-9aad-c004ea8d131b",0
"IN_VITRO_TRAINING","9276e453-3ebf-47d5-a848-dd66e8c718b7",0
"IN_VITRO_TRAINING","a1be0c8c-bbf6-4d00-b2e3-cf0fb97ed1e8",0
"IN_VITRO_TRAINING","61606eb6-bd86-4065-a520-c7ad3396f3ed",1
"IN_VITRO_TRAINING","3f42acd7-2dff-439c-87e3-020f4638bb0b",0
"IN_VITRO_TRAINING","09f5ffd2-bbd8-402f-b772-dcc4d390a94e",0
"IN_VITRO_TRAINING","f914c2c9-9e66-4459-b650-0dbfc7251c83",0
"IN_VITRO_TRAINING","NPG387",1
"IN_VITRO_TRAINING","40cab206-8288-44fc-a52e-bf34ab574646",0
"IN_VITRO_TRAINING","983ad315-adba-4d45-86b2-e296d50f9576",1
"IN_VITRO_TRAINING","7fbbd8ca-1d90-4aff-b162-0fe701ccde9e",0
"IN_VITRO_TRAINING","26792840-20bd-47fd-bfdf-234177ef0791",0
"IN_VITRO_TRAINING","7bd469f4-0723-45ca-95bd-0aac6d413cff",1
"IN_VITRO_TRAINING","f74e57ec-971b-4949-8f72-c6efa25d21cc",0
"IN_VITRO_TRAINING","95ecf666-753a-4494-be0a-c09047b50d49",0
"IN_VITRO_TRAINING","9c3434e0-0910-4d11-bf13-d8c939df5b7b",0
"IN_VITRO_TRAINING","209f4d20-4833-4ad7-8554-e5d0830b900e",0
"IN_VITRO_TRAINING","67c9650c-d72a-4230-a673-465e41b765d6",0
"IN_VITRO_TRAINING","4e1c4ba4-fe9e-492a-8bf1-0425be452a9f",1
"IN_VITRO_TRAINING","3dce03e9-a8f9-4435-a0ec-b3eef3af7167",0
"IN_VITRO_TRAINING","10728c89-c0d6-484d-b233-9f98cf932372",0
"IN_VITRO_TRAINING","5a89a75b-3f60-4a4a-ba57-9058a452da72",0
"IN_VITRO_TRAINING","9d0363df-2558-47d0-9789-c58ec7db1ab8",0
"IN_VITRO_TRAINING","NSS295",1
"IN_VITRO_TRAINING","2975678a-aabb-40b0-a7a5-579d246d9ed0",0
"IN_VITRO_TRAINING","583cb027-fd8b-4571-97cf-46344e03c182",0
"IN_VITRO_TRAINING","8b644b89-3c31-4f3f-a144-64d967aed7b3",0
"IN_VITRO_TRAINING","dbc9e115-9a9d-41e7-8f4c-06ede7605c57",0
"IN_VITRO_TRAINING","90362bb1-4771-4091-a417-a7b9fa547702",0
"IN_VITRO_TRAINING","585f4532-8e64-49a3-afde-05b958366201",0
"IN_VITRO_TRAINING","01213c96-f307-4f34-a75e-263250422289",0
"IN_VITRO_TRAINING","6ce576b6-be6a-455b-9345-3f00c3080ed5",0
"IN_VITRO_TRAINING","f51a5bfe-4fde-40f3-bb45-27468671986a",0
"IN_VITRO_TRAINING","0ba26be8-46f8-458c-aa85-005088122adb",1
"IN_VITRO_TRAINING","161ee518-502e-44e9-9af2-0ff4495b4db0",1
"IN_VITRO_TRAINING","NSS095",1
"IN_VITRO_TRAINING","11159e54-3d78-47d2-8ba6-1c9115ee541a",0
"IN_VITRO_TRAINING","NSS324",1
"IN_VITRO_TRAINING","41af4fa1-aa6f-465e-8216-9f1f7e4f02ab",0
"IN_VITRO_TRAINING","f1c804ca-e4e7-4a80-a6f3-f6d448dd219d",0
"IN_VITRO_TRAINING","ac5451ad-ffac-454f-95f5-0c48b5d31574",1
"IN_VITRO_TRAINING","0fed3ced-dcff-43ce-9720-936d4a4a8745",0
"IN_VITRO_TRAINING","43bf2904-5af2-4519-94e2-4091deed68a6",0
"IN_VITRO_TRAINING","a933e1b7-3f6a-4327-bed6-f4f2845835bf",0
"IN_VITRO_TRAINING","41de84cf-1d36-4daa-8f1d-7d49545a2502",0
"IN_VITRO_TRAINING","df8a1b80-3aec-46da-9924-d1a0185e70eb",1
"IN_VITRO_TRAINING","8dd92f7c-7865-4a1f-b677-fa32b13903eb",0
"IN_VITRO_TRAINING","5fe7379a-1bee-479d-97f0-1cb868e24df9",0
"IN_VITRO_TRAINING","NPG082",1
"IN_VITRO_TRAINING","5a1ff4d1-15b1-45b7-9e5a-353df7b056fb",0
"IN_VITRO_TRAINING","5fd4b074-447d-470b-b298-8416f0b6c31c",0
"IN_VITRO_TRAINING","1fe97905-cc66-4b58-b60c-9eff0045277f",0
"IN_VITRO_TRAINING","214837cd-53ff-4bd9-8644-f10d14f87aa9",1
"IN_VITRO_TRAINING","8f85074e-73f2-484a-82c2-0ec2ccd1a983",0
"IN_VITRO_TRAINING","20094943-5dca-491a-a33f-70c3b35344fd",0
"IN_VITRO_TRAINING","NSS902",1
"IN_VITRO_TRAINING","ed1f3c30-bfdf-4113-9685-72adb235f372",0
"IN_VITRO_TRAINING","a440c5f1-7f8e-4fbb-b4c2-3aeebc5a06a2",0
"IN_VITRO_TRAINING","14570d9c-5406-42d0-a17f-8d2be846a42f",0
"IN_VITRO_TRAINING","dbb2b2c8-c33c-4291-85a3-798050ae5a39",0
"IN_VITRO_TRAINING","d2add0fe-ef8d-4af0-a8a2-2bbfeaa183ca",0
"IN_VITRO_TRAINING","852f2a75-2bc2-40ec-846f-a95e85b403df",0
"IN_VITRO_TRAINING","dcb1e81b-45e5-4d7e-b837-bd8f156d0eea",0
"IN_VITRO_TRAINING","47c66066-7a0f-4bbc-8c7b-ba1735ef3202",0
"IN_VITRO_TRAINING","3d6a4996-2878-4435-a133-23f1d1380ad8",0
"IN_VITRO_TRAINING","b6141ac5-d6c5-42ce-a9a9-f60abaa5df67",0
"IN_VITRO_TRAINING","c15f11e7-6094-41d5-b467-ccb9bce5221a",0
"IN_VITRO_TRAINING","d5b956af-fc35-4a3e-9a66-d273cb83f10f",0
"IN_VITRO_TRAINING","397d3d83-c6f0-44f1-b5d0-74375cb9eca2",0
"IN_VITRO_TRAINING","c5c47daa-df0e-4208-bec2-cb5d8d4ad0e7",0
"IN_VITRO_TRAINING","9a99ed45-61d8-4a1a-9cc6-e798b9daa0c3",0
"IN_VITRO_TRAINING","82661bff-de2e-4105-9605-7dc913847bbe",0
"IN_VITRO_TRAINING","4a29b204-7286-4bfe-8901-977625291f09",0
"IN_VITRO_TRAINING","fe8b54a7-6040-46f1-9d8b-0499508bd450",1
"IN_VITRO_TRAINING","d19fe675-5078-41bc-add8-9fa648669093",1
"IN_VITRO_TRAINING","5da5fcad-b417-4a14-b0d7-e3b62cfc8242",0
"IN_VITRO_TRAINING","115b20d4-6e3c-4a04-b114-6254a53d239c",0
"IN_VITRO_TRAINING","859d185d-4d70-4760-8799-306ddce61702",1
"IN_VITRO_TRAINING","NPG419",1
"IN_VITRO_TRAINING","3cf022a7-877e-4662-9f8e-e5abd45e082b",0
"IN_VITRO_TRAINING","1f3189ce-f3ac-4ab4-ba3f-3e7160bf3906",0
"IN_VITRO_TRAINING","28a15dec-de49-4e10-9977-bb04fef8f963",0
"IN_VITRO_TRAINING","5889bb6f-7390-49b5-9382-bca10f988a5a",1
"IN_VITRO_TRAINING","333954fe-4f10-4b94-b969-eb4a7633e7d5",0
"IN_VITRO_TRAINING","5cb7e23f-32c0-48a5-a363-9d6f877c2c91",0
"IN_VITRO_TRAINING","6780074e-a019-46b7-9ce4-def4d892f73c",0
"IN_VITRO_TRAINING","d3c7a190-0101-4511-ac1b-f916255ab7a4",0
"IN_VITRO_TRAINING","212343d7-3fd4-4a31-87ed-e2bf8084ba77",0
"IN_VITRO_TRAINING","7649e18f-3349-4613-8328-2747fde38578",0
"IN_VITRO_TRAINING","0428118d-8c66-4fb6-98ef-ca4e7d2d8f24",0
"IN_VITRO_TRAINING","34214f30-5123-4a4b-9a7f-f34679613e20",0
"IN_VITRO_TRAINING","18fed79f-8f0b-4d79-b36c-04b2cd1addac",0
"IN_VITRO_TRAINING","1aace8d1-9eac-4889-a9f3-60b1100c34f9",0
"IN_VITRO_TRAINING","NPG100",1
"IN_VITRO_TRAINING","547b70d5-2882-4aaa-a8be-0eb8e9353343",0
"IN_VITRO_TRAINING","NSS216",1
"IN_VITRO_TRAINING","NPG217",1
"IN_VITRO_TRAINING","40b87031-e5d0-42f0-80d9-56f2259c002e",0
"IN_VITRO_TRAINING","a523a032-484b-4cc7-981a-1e4acde0eef3",1
"IN_VITRO_TRAINING","55cbe5f6-ed82-4929-b88c-1d93618c628e",0
"IN_VITRO_TRAINING","NSS239",1
"IN_VITRO_TRAINING","NPG312",1
"IN_VITRO_TRAINING","0a672da0-a2ec-4d73-b069-b6bf8ad5a63a",0
"IN_VITRO_TRAINING","dc1a3dc8-7f80-43dd-b197-917ff7019a8d",0
"IN_VITRO_TRAINING","cb50d471-fb43-4847-8a1e-5d5fe1a4e499",0
"IN_VITRO_TRAINING","NPG291",1
"IN_VITRO_TRAINING","NSS208",1
"IN_VITRO_TRAINING","7f1b707c-4000-45f7-96e6-c8adde4d0020",0
